name,email,password,note
botjoe211,botjoe211@yolo.com,1a1a1a1a205,
botjoe212,botjoe212@yolo.com,1a1a1a1a206,
botjoe213,botjoe213@yolo.com,1a1a1a1a207,
botjoe214,botjoe214@yolo.com,1a1a1a1a208,
botjoe215,botjoe215@yolo.com,1a1a1a1a209,
botjoe216,botjoe216@yolo.com,1a1a1a1a210,
botjoe217,botjoe217@yolo.com,1a1a1a1a211,
botjoe218,botjoe218@yolo.com,1a1a1a1a212,
botjoe219,botjoe219@yolo.com,1a1a1a1a213,
botjoe220,botjoe220@yolo.com,1a1a1a1a214,
botjoe221,botjoe221@yolo.com,1a1a1a1a215,
botjoe222,botjoe222@yolo.com,1a1a1a1a216,
botjoe223,botjoe223@yolo.com,1a1a1a1a217,
botjoe224,botjoe224@yolo.com,1a1a1a1a218,
botjoe225,botjoe225@yolo.com,1a1a1a1a219,
botjoe226,botjoe226@yolo.com,1a1a1a1a220,
botjoe227,botjoe227@yolo.com,1a1a1a1a221,
botjoe228,botjoe228@yolo.com,1a1a1a1a222,
botjoe229,botjoe229@yolo.com,1a1a1a1a223,
botjoe230,botjoe230@yolo.com,1a1a1a1a224,
botjoe231,botjoe231@yolo.com,1a1a1a1a225,
botjoe232,botjoe232@yolo.com,1a1a1a1a226,
botjoe233,botjoe233@yolo.com,1a1a1a1a227,
botjoe234,botjoe234@yolo.com,1a1a1a1a228,
botjoe235,botjoe235@yolo.com,1a1a1a1a229,
botjoe236,botjoe236@yolo.com,1a1a1a1a230,
botjoe237,botjoe237@yolo.com,1a1a1a1a231,
botjoe238,botjoe238@yolo.com,1a1a1a1a232,
botjoe239,botjoe239@yolo.com,1a1a1a1a233,
botjoe240,botjoe240@yolo.com,1a1a1a1a234,
botjoe241,botjoe241@yolo.com,1a1a1a1a235,
botjoe242,botjoe242@yolo.com,1a1a1a1a236,
botjoe243,botjoe243@yolo.com,1a1a1a1a237,
botjoe244,botjoe244@yolo.com,1a1a1a1a238,
botjoe245,botjoe245@yolo.com,1a1a1a1a239,
botjoe246,botjoe246@yolo.com,1a1a1a1a240,
botjoe247,botjoe247@yolo.com,1a1a1a1a241,
botjoe248,botjoe248@yolo.com,1a1a1a1a242,
botjoe249,botjoe249@yolo.com,1a1a1a1a243,
botjoe250,botjoe250@yolo.com,1a1a1a1a244,
botjoe251,botjoe251@yolo.com,1a1a1a1a245,
botjoe252,botjoe252@yolo.com,1a1a1a1a246,
botjoe253,botjoe253@yolo.com,1a1a1a1a247,
botjoe254,botjoe254@yolo.com,1a1a1a1a248,
botjoe255,botjoe255@yolo.com,1a1a1a1a249,
botjoe256,botjoe256@yolo.com,1a1a1a1a250,
botjoe257,botjoe257@yolo.com,1a1a1a1a251,
botjoe258,botjoe258@yolo.com,1a1a1a1a252,
botjoe259,botjoe259@yolo.com,1a1a1a1a253,
botjoe260,botjoe260@yolo.com,1a1a1a1a254,
botjoe261,botjoe261@yolo.com,1a1a1a1a255,
botjoe262,botjoe262@yolo.com,1a1a1a1a256,
botjoe263,botjoe263@yolo.com,1a1a1a1a257,
botjoe264,botjoe264@yolo.com,1a1a1a1a258,
botjoe265,botjoe265@yolo.com,1a1a1a1a259,
botjoe266,botjoe266@yolo.com,1a1a1a1a260,
botjoe267,botjoe267@yolo.com,1a1a1a1a261,
botjoe268,botjoe268@yolo.com,1a1a1a1a262,
botjoe269,botjoe269@yolo.com,1a1a1a1a263,
botjoe270,botjoe270@yolo.com,1a1a1a1a264,
botjoe271,botjoe271@yolo.com,1a1a1a1a265,
botjoe272,botjoe272@yolo.com,1a1a1a1a266,
botjoe273,botjoe273@yolo.com,1a1a1a1a267,
botjoe274,botjoe274@yolo.com,1a1a1a1a268,
botjoe275,botjoe275@yolo.com,1a1a1a1a269,
botjoe276,botjoe276@yolo.com,1a1a1a1a270,
botjoe277,botjoe277@yolo.com,1a1a1a1a271,
botjoe278,botjoe278@yolo.com,1a1a1a1a272,
botjoe279,botjoe279@yolo.com,1a1a1a1a273,
botjoe280,botjoe280@yolo.com,1a1a1a1a274,
botjoe281,botjoe281@yolo.com,1a1a1a1a275,
botjoe282,botjoe282@yolo.com,1a1a1a1a276,
botjoe283,botjoe283@yolo.com,1a1a1a1a277,
botjoe284,botjoe284@yolo.com,1a1a1a1a278,
botjoe285,botjoe285@yolo.com,1a1a1a1a279,
botjoe286,botjoe286@yolo.com,1a1a1a1a280,
botjoe287,botjoe287@yolo.com,1a1a1a1a281,
botjoe288,botjoe288@yolo.com,1a1a1a1a282,
botjoe289,botjoe289@yolo.com,1a1a1a1a283,
botjoe290,botjoe290@yolo.com,1a1a1a1a284,
botjoe291,botjoe291@yolo.com,1a1a1a1a285,
botjoe292,botjoe292@yolo.com,1a1a1a1a286,
botjoe293,botjoe293@yolo.com,1a1a1a1a287,
botjoe294,botjoe294@yolo.com,1a1a1a1a288,
botjoe295,botjoe295@yolo.com,1a1a1a1a289,
botjoe296,botjoe296@yolo.com,1a1a1a1a290,
botjoe297,botjoe297@yolo.com,1a1a1a1a291,
botjoe298,botjoe298@yolo.com,1a1a1a1a292,
botjoe299,botjoe299@yolo.com,1a1a1a1a293,
botjoe300,botjoe300@yolo.com,1a1a1a1a294,
botjoe301,botjoe211@yolo.com,1a1a1a1a295,
botjoe302,botjoe212@yolo.com,1a1a1a1a296,
botjoe303,botjoe213@yolo.com,1a1a1a1a297,
botjoe304,botjoe214@yolo.com,1a1a1a1a298,
botjoe305,botjoe215@yolo.com,1a1a1a1a299,
botjoe306,botjoe216@yolo.com,1a1a1a1a300,
botjoe307,botjoe217@yolo.com,1a1a1a1a301,
botjoe308,botjoe218@yolo.com,1a1a1a1a302,
botjoe309,botjoe219@yolo.com,1a1a1a1a303,
botjoe310,botjoe220@yolo.com,1a1a1a1a304,
botjoe311,botjoe221@yolo.com,1a1a1a1a305,
botjoe312,botjoe222@yolo.com,1a1a1a1a306,
botjoe313,botjoe223@yolo.com,1a1a1a1a307,
botjoe314,botjoe224@yolo.com,1a1a1a1a308,
botjoe315,botjoe225@yolo.com,1a1a1a1a309,
botjoe316,botjoe226@yolo.com,1a1a1a1a310,
botjoe317,botjoe227@yolo.com,1a1a1a1a311,
botjoe318,botjoe228@yolo.com,1a1a1a1a312,
botjoe319,botjoe229@yolo.com,1a1a1a1a313,
botjoe320,botjoe230@yolo.com,1a1a1a1a314,
botjoe321,botjoe231@yolo.com,1a1a1a1a315,
botjoe322,botjoe232@yolo.com,1a1a1a1a316,
botjoe323,botjoe233@yolo.com,1a1a1a1a317,
botjoe324,botjoe234@yolo.com,1a1a1a1a318,
botjoe325,botjoe235@yolo.com,1a1a1a1a319,
botjoe326,botjoe236@yolo.com,1a1a1a1a320,
botjoe327,botjoe237@yolo.com,1a1a1a1a321,
botjoe328,botjoe238@yolo.com,1a1a1a1a322,
botjoe329,botjoe239@yolo.com,1a1a1a1a323,
botjoe330,botjoe240@yolo.com,1a1a1a1a324,
botjoe331,botjoe241@yolo.com,1a1a1a1a325,
botjoe332,botjoe242@yolo.com,1a1a1a1a326,
botjoe333,botjoe243@yolo.com,1a1a1a1a327,
botjoe334,botjoe244@yolo.com,1a1a1a1a328,
botjoe335,botjoe245@yolo.com,1a1a1a1a329,
botjoe336,botjoe246@yolo.com,1a1a1a1a330,
botjoe337,botjoe247@yolo.com,1a1a1a1a331,
botjoe338,botjoe248@yolo.com,1a1a1a1a332,
botjoe339,botjoe249@yolo.com,1a1a1a1a333,
botjoe340,botjoe250@yolo.com,1a1a1a1a334,
botjoe341,botjoe251@yolo.com,1a1a1a1a335,
botjoe342,botjoe252@yolo.com,1a1a1a1a336,
botjoe343,botjoe253@yolo.com,1a1a1a1a337,
botjoe344,botjoe254@yolo.com,1a1a1a1a338,
botjoe345,botjoe255@yolo.com,1a1a1a1a339,
botjoe346,botjoe256@yolo.com,1a1a1a1a340,
botjoe347,botjoe257@yolo.com,1a1a1a1a341,
botjoe348,botjoe258@yolo.com,1a1a1a1a342,
botjoe349,botjoe259@yolo.com,1a1a1a1a343,
botjoe350,botjoe260@yolo.com,1a1a1a1a344,
botjoe351,botjoe261@yolo.com,1a1a1a1a345,
botjoe352,botjoe262@yolo.com,1a1a1a1a346,
botjoe353,botjoe263@yolo.com,1a1a1a1a347,
botjoe354,botjoe264@yolo.com,1a1a1a1a348,
botjoe355,botjoe265@yolo.com,1a1a1a1a349,
botjoe356,botjoe266@yolo.com,1a1a1a1a350,
botjoe357,botjoe267@yolo.com,1a1a1a1a351,
botjoe358,botjoe268@yolo.com,1a1a1a1a352,
botjoe359,botjoe269@yolo.com,1a1a1a1a353,
botjoe360,botjoe270@yolo.com,1a1a1a1a354,
botjoe361,botjoe271@yolo.com,1a1a1a1a355,
botjoe362,botjoe272@yolo.com,1a1a1a1a356,
botjoe363,botjoe273@yolo.com,1a1a1a1a357,
botjoe364,botjoe274@yolo.com,1a1a1a1a358,
botjoe365,botjoe275@yolo.com,1a1a1a1a359,
botjoe366,botjoe276@yolo.com,1a1a1a1a360,
botjoe367,botjoe277@yolo.com,1a1a1a1a361,
botjoe368,botjoe278@yolo.com,1a1a1a1a362,
botjoe369,botjoe279@yolo.com,1a1a1a1a363,
botjoe370,botjoe280@yolo.com,1a1a1a1a364,
botjoe371,botjoe281@yolo.com,1a1a1a1a365,
botjoe372,botjoe282@yolo.com,1a1a1a1a366,
botjoe373,botjoe283@yolo.com,1a1a1a1a367,
botjoe374,botjoe284@yolo.com,1a1a1a1a368,
botjoe375,botjoe285@yolo.com,1a1a1a1a369,
botjoe376,botjoe286@yolo.com,1a1a1a1a370,
botjoe377,botjoe287@yolo.com,1a1a1a1a371,
botjoe378,botjoe288@yolo.com,1a1a1a1a372,
botjoe379,botjoe289@yolo.com,1a1a1a1a373,
botjoe380,botjoe290@yolo.com,1a1a1a1a374,
botjoe381,botjoe291@yolo.com,1a1a1a1a375,
botjoe382,botjoe292@yolo.com,1a1a1a1a376,
botjoe383,botjoe293@yolo.com,1a1a1a1a377,
botjoe384,botjoe294@yolo.com,1a1a1a1a378,
botjoe385,botjoe295@yolo.com,1a1a1a1a379,
botjoe386,botjoe296@yolo.com,1a1a1a1a380,
botjoe387,botjoe297@yolo.com,1a1a1a1a381,
botjoe388,botjoe298@yolo.com,1a1a1a1a382,
botjoe389,botjoe299@yolo.com,1a1a1a1a383,
botjoe390,botjoe300@yolo.com,1a1a1a1a384,
botjoe391,botjoe211@yolo.com,1a1a1a1a385,
botjoe392,botjoe212@yolo.com,1a1a1a1a386,
botjoe393,botjoe213@yolo.com,1a1a1a1a387,
botjoe394,botjoe214@yolo.com,1a1a1a1a388,
botjoe395,botjoe215@yolo.com,1a1a1a1a389,
botjoe396,botjoe216@yolo.com,1a1a1a1a390,
botjoe397,botjoe217@yolo.com,1a1a1a1a391,
botjoe398,botjoe218@yolo.com,1a1a1a1a392,
botjoe399,botjoe219@yolo.com,1a1a1a1a393,
botjoe400,botjoe220@yolo.com,1a1a1a1a394,
botjoe401,botjoe221@yolo.com,1a1a1a1a395,
botjoe402,botjoe222@yolo.com,1a1a1a1a396,
botjoe403,botjoe223@yolo.com,1a1a1a1a397,
botjoe404,botjoe224@yolo.com,1a1a1a1a398,
botjoe405,botjoe225@yolo.com,1a1a1a1a399,
botjoe406,botjoe226@yolo.com,1a1a1a1a400,
botjoe407,botjoe227@yolo.com,1a1a1a1a401,
botjoe408,botjoe228@yolo.com,1a1a1a1a402,
botjoe409,botjoe229@yolo.com,1a1a1a1a403,
botjoe410,botjoe230@yolo.com,1a1a1a1a404,
botjoe411,botjoe231@yolo.com,1a1a1a1a405,
botjoe412,botjoe232@yolo.com,1a1a1a1a406,
botjoe413,botjoe233@yolo.com,1a1a1a1a407,
botjoe414,botjoe234@yolo.com,1a1a1a1a408,
botjoe415,botjoe235@yolo.com,1a1a1a1a409,
botjoe416,botjoe236@yolo.com,1a1a1a1a410,
botjoe417,botjoe237@yolo.com,1a1a1a1a411,
botjoe418,botjoe238@yolo.com,1a1a1a1a412,
botjoe419,botjoe239@yolo.com,1a1a1a1a413,
botjoe420,botjoe240@yolo.com,1a1a1a1a414,
botjoe421,botjoe241@yolo.com,1a1a1a1a415,
botjoe422,botjoe242@yolo.com,1a1a1a1a416,
botjoe423,botjoe243@yolo.com,1a1a1a1a417,
botjoe424,botjoe244@yolo.com,1a1a1a1a418,
botjoe425,botjoe245@yolo.com,1a1a1a1a419,
botjoe426,botjoe246@yolo.com,1a1a1a1a420,
botjoe427,botjoe247@yolo.com,1a1a1a1a421,
botjoe428,botjoe248@yolo.com,1a1a1a1a422,
botjoe429,botjoe249@yolo.com,1a1a1a1a423,
botjoe430,botjoe250@yolo.com,1a1a1a1a424,
botjoe431,botjoe251@yolo.com,1a1a1a1a425,
botjoe432,botjoe252@yolo.com,1a1a1a1a426,
botjoe433,botjoe253@yolo.com,1a1a1a1a427,
botjoe434,botjoe254@yolo.com,1a1a1a1a428,
botjoe435,botjoe255@yolo.com,1a1a1a1a429,
botjoe436,botjoe256@yolo.com,1a1a1a1a430,
botjoe437,botjoe257@yolo.com,1a1a1a1a431,
botjoe438,botjoe258@yolo.com,1a1a1a1a432,
botjoe439,botjoe259@yolo.com,1a1a1a1a433,
botjoe440,botjoe260@yolo.com,1a1a1a1a434,
botjoe441,botjoe261@yolo.com,1a1a1a1a435,
botjoe442,botjoe262@yolo.com,1a1a1a1a436,
botjoe443,botjoe263@yolo.com,1a1a1a1a437,
botjoe444,botjoe264@yolo.com,1a1a1a1a438,
botjoe445,botjoe265@yolo.com,1a1a1a1a439,
botjoe446,botjoe266@yolo.com,1a1a1a1a440,
botjoe447,botjoe267@yolo.com,1a1a1a1a441,
botjoe448,botjoe268@yolo.com,1a1a1a1a442,
botjoe449,botjoe269@yolo.com,1a1a1a1a443,
botjoe450,botjoe270@yolo.com,1a1a1a1a444,
botjoe451,botjoe271@yolo.com,1a1a1a1a445,
botjoe452,botjoe272@yolo.com,1a1a1a1a446,
botjoe453,botjoe273@yolo.com,1a1a1a1a447,
botjoe454,botjoe274@yolo.com,1a1a1a1a448,
botjoe455,botjoe275@yolo.com,1a1a1a1a449,
botjoe456,botjoe276@yolo.com,1a1a1a1a450,
botjoe457,botjoe277@yolo.com,1a1a1a1a451,
botjoe458,botjoe278@yolo.com,1a1a1a1a452,
botjoe459,botjoe279@yolo.com,1a1a1a1a453,
botjoe460,botjoe280@yolo.com,1a1a1a1a454,
botjoe461,botjoe281@yolo.com,1a1a1a1a455,
botjoe462,botjoe282@yolo.com,1a1a1a1a456,
botjoe463,botjoe283@yolo.com,1a1a1a1a457,
botjoe464,botjoe284@yolo.com,1a1a1a1a458,
botjoe465,botjoe285@yolo.com,1a1a1a1a459,
botjoe466,botjoe286@yolo.com,1a1a1a1a460,
botjoe467,botjoe287@yolo.com,1a1a1a1a461,
botjoe468,botjoe288@yolo.com,1a1a1a1a462,
botjoe469,botjoe289@yolo.com,1a1a1a1a463,
botjoe470,botjoe290@yolo.com,1a1a1a1a464,
botjoe471,botjoe291@yolo.com,1a1a1a1a465,
botjoe472,botjoe292@yolo.com,1a1a1a1a466,
botjoe473,botjoe293@yolo.com,1a1a1a1a467,
botjoe474,botjoe294@yolo.com,1a1a1a1a468,
botjoe475,botjoe295@yolo.com,1a1a1a1a469,
botjoe476,botjoe296@yolo.com,1a1a1a1a470,
botjoe477,botjoe297@yolo.com,1a1a1a1a471,
botjoe478,botjoe298@yolo.com,1a1a1a1a472,
botjoe479,botjoe299@yolo.com,1a1a1a1a473,
botjoe480,botjoe300@yolo.com,1a1a1a1a474,
botjoe481,botjoe211@yolo.com,1a1a1a1a475,
botjoe482,botjoe212@yolo.com,1a1a1a1a476,
botjoe483,botjoe213@yolo.com,1a1a1a1a477,
botjoe484,botjoe214@yolo.com,1a1a1a1a478,
botjoe485,botjoe215@yolo.com,1a1a1a1a479,
botjoe486,botjoe216@yolo.com,1a1a1a1a480,
botjoe487,botjoe217@yolo.com,1a1a1a1a481,
botjoe488,botjoe218@yolo.com,1a1a1a1a482,
botjoe489,botjoe219@yolo.com,1a1a1a1a483,
botjoe490,botjoe220@yolo.com,1a1a1a1a484,
botjoe491,botjoe221@yolo.com,1a1a1a1a485,
botjoe492,botjoe222@yolo.com,1a1a1a1a486,
botjoe493,botjoe223@yolo.com,1a1a1a1a487,
botjoe494,botjoe224@yolo.com,1a1a1a1a488,
botjoe495,botjoe225@yolo.com,1a1a1a1a489,
botjoe496,botjoe226@yolo.com,1a1a1a1a490,
botjoe497,botjoe227@yolo.com,1a1a1a1a491,
botjoe498,botjoe228@yolo.com,1a1a1a1a492,
botjoe499,botjoe229@yolo.com,1a1a1a1a493,
botjoe500,botjoe230@yolo.com,1a1a1a1a494,
botjoe501,botjoe231@yolo.com,1a1a1a1a495,
botjoe502,botjoe232@yolo.com,1a1a1a1a496,
botjoe503,botjoe233@yolo.com,1a1a1a1a497,
botjoe504,botjoe234@yolo.com,1a1a1a1a498,
botjoe505,botjoe235@yolo.com,1a1a1a1a499,
botjoe506,botjoe236@yolo.com,1a1a1a1a500,
botjoe507,botjoe237@yolo.com,1a1a1a1a501,
botjoe508,botjoe238@yolo.com,1a1a1a1a502,
botjoe509,botjoe239@yolo.com,1a1a1a1a503,
botjoe510,botjoe240@yolo.com,1a1a1a1a504,
botjoe511,botjoe241@yolo.com,1a1a1a1a505,
botjoe512,botjoe242@yolo.com,1a1a1a1a506,
botjoe513,botjoe243@yolo.com,1a1a1a1a507,
botjoe514,botjoe244@yolo.com,1a1a1a1a508,
botjoe515,botjoe245@yolo.com,1a1a1a1a509,
botjoe516,botjoe246@yolo.com,1a1a1a1a510,
botjoe517,botjoe247@yolo.com,1a1a1a1a511,
botjoe518,botjoe248@yolo.com,1a1a1a1a512,
botjoe519,botjoe249@yolo.com,1a1a1a1a513,
botjoe520,botjoe250@yolo.com,1a1a1a1a514,
botjoe521,botjoe251@yolo.com,1a1a1a1a515,
botjoe522,botjoe252@yolo.com,1a1a1a1a516,
botjoe523,botjoe253@yolo.com,1a1a1a1a517,
botjoe524,botjoe254@yolo.com,1a1a1a1a518,
botjoe525,botjoe255@yolo.com,1a1a1a1a519,
botjoe526,botjoe256@yolo.com,1a1a1a1a520,
botjoe527,botjoe257@yolo.com,1a1a1a1a521,
botjoe528,botjoe258@yolo.com,1a1a1a1a522,
botjoe529,botjoe259@yolo.com,1a1a1a1a523,
botjoe530,botjoe260@yolo.com,1a1a1a1a524,
botjoe531,botjoe261@yolo.com,1a1a1a1a525,
botjoe532,botjoe262@yolo.com,1a1a1a1a526,
botjoe533,botjoe263@yolo.com,1a1a1a1a527,
botjoe534,botjoe264@yolo.com,1a1a1a1a528,
botjoe535,botjoe265@yolo.com,1a1a1a1a529,
botjoe536,botjoe266@yolo.com,1a1a1a1a530,
botjoe537,botjoe267@yolo.com,1a1a1a1a531,
botjoe538,botjoe268@yolo.com,1a1a1a1a532,
botjoe539,botjoe269@yolo.com,1a1a1a1a533,
botjoe540,botjoe270@yolo.com,1a1a1a1a534,
botjoe541,botjoe271@yolo.com,1a1a1a1a535,
botjoe542,botjoe272@yolo.com,1a1a1a1a536,
botjoe543,botjoe273@yolo.com,1a1a1a1a537,
botjoe544,botjoe274@yolo.com,1a1a1a1a538,
botjoe545,botjoe275@yolo.com,1a1a1a1a539,
botjoe546,botjoe276@yolo.com,1a1a1a1a540,
botjoe547,botjoe277@yolo.com,1a1a1a1a541,
botjoe548,botjoe278@yolo.com,1a1a1a1a542,
botjoe549,botjoe279@yolo.com,1a1a1a1a543,
botjoe550,botjoe280@yolo.com,1a1a1a1a544,
botjoe551,botjoe281@yolo.com,1a1a1a1a545,
botjoe552,botjoe282@yolo.com,1a1a1a1a546,
botjoe553,botjoe283@yolo.com,1a1a1a1a547,
botjoe554,botjoe284@yolo.com,1a1a1a1a548,
botjoe555,botjoe285@yolo.com,1a1a1a1a549,
botjoe556,botjoe286@yolo.com,1a1a1a1a550,
botjoe557,botjoe287@yolo.com,1a1a1a1a551,
botjoe558,botjoe288@yolo.com,1a1a1a1a552,
botjoe559,botjoe289@yolo.com,1a1a1a1a553,
botjoe560,botjoe290@yolo.com,1a1a1a1a554,
botjoe561,botjoe291@yolo.com,1a1a1a1a555,
botjoe562,botjoe292@yolo.com,1a1a1a1a556,
botjoe563,botjoe293@yolo.com,1a1a1a1a557,
botjoe564,botjoe294@yolo.com,1a1a1a1a558,
botjoe565,botjoe295@yolo.com,1a1a1a1a559,
botjoe566,botjoe296@yolo.com,1a1a1a1a560,
botjoe567,botjoe297@yolo.com,1a1a1a1a561,
botjoe568,botjoe298@yolo.com,1a1a1a1a562,
botjoe569,botjoe299@yolo.com,1a1a1a1a563,
botjoe570,botjoe300@yolo.com,1a1a1a1a564,
botjoe571,botjoe211@yolo.com,1a1a1a1a565,
botjoe572,botjoe212@yolo.com,1a1a1a1a566,
botjoe573,botjoe213@yolo.com,1a1a1a1a567,
botjoe574,botjoe214@yolo.com,1a1a1a1a568,
botjoe575,botjoe215@yolo.com,1a1a1a1a569,
botjoe576,botjoe216@yolo.com,1a1a1a1a570,
botjoe577,botjoe217@yolo.com,1a1a1a1a571,
botjoe578,botjoe218@yolo.com,1a1a1a1a572,
botjoe579,botjoe219@yolo.com,1a1a1a1a573,
botjoe580,botjoe220@yolo.com,1a1a1a1a574,
botjoe581,botjoe221@yolo.com,1a1a1a1a575,
botjoe582,botjoe222@yolo.com,1a1a1a1a576,
botjoe583,botjoe223@yolo.com,1a1a1a1a577,
botjoe584,botjoe224@yolo.com,1a1a1a1a578,
botjoe585,botjoe225@yolo.com,1a1a1a1a579,
botjoe586,botjoe226@yolo.com,1a1a1a1a580,
botjoe587,botjoe227@yolo.com,1a1a1a1a581,
botjoe588,botjoe228@yolo.com,1a1a1a1a582,
botjoe589,botjoe229@yolo.com,1a1a1a1a583,
botjoe590,botjoe230@yolo.com,1a1a1a1a584,
botjoe591,botjoe231@yolo.com,1a1a1a1a585,
botjoe592,botjoe232@yolo.com,1a1a1a1a586,
botjoe593,botjoe233@yolo.com,1a1a1a1a587,
botjoe594,botjoe234@yolo.com,1a1a1a1a588,
botjoe595,botjoe235@yolo.com,1a1a1a1a589,
botjoe596,botjoe236@yolo.com,1a1a1a1a590,
botjoe597,botjoe237@yolo.com,1a1a1a1a591,
botjoe598,botjoe238@yolo.com,1a1a1a1a592,
botjoe599,botjoe239@yolo.com,1a1a1a1a593,
botjoe600,botjoe240@yolo.com,1a1a1a1a594,
botjoe601,botjoe241@yolo.com,1a1a1a1a595,
botjoe602,botjoe242@yolo.com,1a1a1a1a596,
botjoe603,botjoe243@yolo.com,1a1a1a1a597,
botjoe604,botjoe244@yolo.com,1a1a1a1a598,
botjoe605,botjoe245@yolo.com,1a1a1a1a599,
botjoe606,botjoe246@yolo.com,1a1a1a1a600,
botjoe607,botjoe247@yolo.com,1a1a1a1a601,
botjoe608,botjoe248@yolo.com,1a1a1a1a602,
botjoe609,botjoe249@yolo.com,1a1a1a1a603,
botjoe610,botjoe250@yolo.com,1a1a1a1a604,
botjoe611,botjoe251@yolo.com,1a1a1a1a605,
botjoe612,botjoe252@yolo.com,1a1a1a1a606,
botjoe613,botjoe253@yolo.com,1a1a1a1a607,
botjoe614,botjoe254@yolo.com,1a1a1a1a608,
botjoe615,botjoe255@yolo.com,1a1a1a1a609,
botjoe616,botjoe256@yolo.com,1a1a1a1a610,
botjoe617,botjoe257@yolo.com,1a1a1a1a611,
botjoe618,botjoe258@yolo.com,1a1a1a1a612,
botjoe619,botjoe259@yolo.com,1a1a1a1a613,
botjoe620,botjoe260@yolo.com,1a1a1a1a614,
botjoe621,botjoe261@yolo.com,1a1a1a1a615,
botjoe622,botjoe262@yolo.com,1a1a1a1a616,
botjoe623,botjoe263@yolo.com,1a1a1a1a617,
botjoe624,botjoe264@yolo.com,1a1a1a1a618,
botjoe625,botjoe265@yolo.com,1a1a1a1a619,
botjoe626,botjoe266@yolo.com,1a1a1a1a620,
botjoe627,botjoe267@yolo.com,1a1a1a1a621,
botjoe628,botjoe268@yolo.com,1a1a1a1a622,
botjoe629,botjoe269@yolo.com,1a1a1a1a623,
botjoe630,botjoe270@yolo.com,1a1a1a1a624,
botjoe631,botjoe271@yolo.com,1a1a1a1a625,
botjoe632,botjoe272@yolo.com,1a1a1a1a626,
botjoe633,botjoe273@yolo.com,1a1a1a1a627,
botjoe634,botjoe274@yolo.com,1a1a1a1a628,
botjoe635,botjoe275@yolo.com,1a1a1a1a629,
botjoe636,botjoe276@yolo.com,1a1a1a1a630,
botjoe637,botjoe277@yolo.com,1a1a1a1a631,
botjoe638,botjoe278@yolo.com,1a1a1a1a632,
botjoe639,botjoe279@yolo.com,1a1a1a1a633,
botjoe640,botjoe280@yolo.com,1a1a1a1a634,
botjoe641,botjoe281@yolo.com,1a1a1a1a635,
botjoe642,botjoe282@yolo.com,1a1a1a1a636,
botjoe643,botjoe283@yolo.com,1a1a1a1a637,
botjoe644,botjoe284@yolo.com,1a1a1a1a638,
botjoe645,botjoe285@yolo.com,1a1a1a1a639,
botjoe646,botjoe286@yolo.com,1a1a1a1a640,
botjoe647,botjoe287@yolo.com,1a1a1a1a641,
botjoe648,botjoe288@yolo.com,1a1a1a1a642,
botjoe649,botjoe289@yolo.com,1a1a1a1a643,
botjoe650,botjoe290@yolo.com,1a1a1a1a644,
botjoe651,botjoe291@yolo.com,1a1a1a1a645,
botjoe652,botjoe292@yolo.com,1a1a1a1a646,
botjoe653,botjoe293@yolo.com,1a1a1a1a647,
botjoe654,botjoe294@yolo.com,1a1a1a1a648,
botjoe655,botjoe295@yolo.com,1a1a1a1a649,
botjoe656,botjoe296@yolo.com,1a1a1a1a650,
botjoe657,botjoe297@yolo.com,1a1a1a1a651,
botjoe658,botjoe298@yolo.com,1a1a1a1a652,
botjoe659,botjoe299@yolo.com,1a1a1a1a653,
botjoe660,botjoe300@yolo.com,1a1a1a1a654,
botjoe661,botjoe211@yolo.com,1a1a1a1a655,
botjoe662,botjoe212@yolo.com,1a1a1a1a656,
botjoe663,botjoe213@yolo.com,1a1a1a1a657,
botjoe664,botjoe214@yolo.com,1a1a1a1a658,
botjoe665,botjoe215@yolo.com,1a1a1a1a659,
botjoe666,botjoe216@yolo.com,1a1a1a1a660,
botjoe667,botjoe217@yolo.com,1a1a1a1a661,
botjoe668,botjoe218@yolo.com,1a1a1a1a662,
botjoe669,botjoe219@yolo.com,1a1a1a1a663,
botjoe670,botjoe220@yolo.com,1a1a1a1a664,
botjoe671,botjoe221@yolo.com,1a1a1a1a665,
botjoe672,botjoe222@yolo.com,1a1a1a1a666,
botjoe673,botjoe223@yolo.com,1a1a1a1a667,
botjoe674,botjoe224@yolo.com,1a1a1a1a668,
botjoe675,botjoe225@yolo.com,1a1a1a1a669,
botjoe676,botjoe226@yolo.com,1a1a1a1a670,
botjoe677,botjoe227@yolo.com,1a1a1a1a671,
botjoe678,botjoe228@yolo.com,1a1a1a1a672,
botjoe679,botjoe229@yolo.com,1a1a1a1a673,
botjoe680,botjoe230@yolo.com,1a1a1a1a674,
botjoe681,botjoe231@yolo.com,1a1a1a1a675,
botjoe682,botjoe232@yolo.com,1a1a1a1a676,
botjoe683,botjoe233@yolo.com,1a1a1a1a677,
botjoe684,botjoe234@yolo.com,1a1a1a1a678,
botjoe685,botjoe235@yolo.com,1a1a1a1a679,
botjoe686,botjoe236@yolo.com,1a1a1a1a680,
botjoe687,botjoe237@yolo.com,1a1a1a1a681,
botjoe688,botjoe238@yolo.com,1a1a1a1a682,
botjoe689,botjoe239@yolo.com,1a1a1a1a683,
botjoe690,botjoe240@yolo.com,1a1a1a1a684,
botjoe691,botjoe241@yolo.com,1a1a1a1a685,
botjoe692,botjoe242@yolo.com,1a1a1a1a686,
botjoe693,botjoe243@yolo.com,1a1a1a1a687,
botjoe694,botjoe244@yolo.com,1a1a1a1a688,
botjoe695,botjoe245@yolo.com,1a1a1a1a689,
botjoe696,botjoe246@yolo.com,1a1a1a1a690,
botjoe697,botjoe247@yolo.com,1a1a1a1a691,
botjoe698,botjoe248@yolo.com,1a1a1a1a692,
botjoe699,botjoe249@yolo.com,1a1a1a1a693,
botjoe700,botjoe250@yolo.com,1a1a1a1a694,
botjoe701,botjoe251@yolo.com,1a1a1a1a695,
botjoe702,botjoe252@yolo.com,1a1a1a1a696,
botjoe703,botjoe253@yolo.com,1a1a1a1a697,
botjoe704,botjoe254@yolo.com,1a1a1a1a698,
botjoe705,botjoe255@yolo.com,1a1a1a1a699,
botjoe706,botjoe256@yolo.com,1a1a1a1a700,
botjoe707,botjoe257@yolo.com,1a1a1a1a701,
botjoe708,botjoe258@yolo.com,1a1a1a1a702,
botjoe709,botjoe259@yolo.com,1a1a1a1a703,
botjoe710,botjoe260@yolo.com,1a1a1a1a704,
botjoe711,botjoe261@yolo.com,1a1a1a1a705,
botjoe712,botjoe262@yolo.com,1a1a1a1a706,
botjoe713,botjoe263@yolo.com,1a1a1a1a707,
botjoe714,botjoe264@yolo.com,1a1a1a1a708,
botjoe715,botjoe265@yolo.com,1a1a1a1a709,
botjoe716,botjoe266@yolo.com,1a1a1a1a710,
botjoe717,botjoe267@yolo.com,1a1a1a1a711,
botjoe718,botjoe268@yolo.com,1a1a1a1a712,
botjoe719,botjoe269@yolo.com,1a1a1a1a713,
botjoe720,botjoe270@yolo.com,1a1a1a1a714,
botjoe721,botjoe271@yolo.com,1a1a1a1a715,
botjoe722,botjoe272@yolo.com,1a1a1a1a716,
botjoe723,botjoe273@yolo.com,1a1a1a1a717,
botjoe724,botjoe274@yolo.com,1a1a1a1a718,
botjoe725,botjoe275@yolo.com,1a1a1a1a719,
botjoe726,botjoe276@yolo.com,1a1a1a1a720,
botjoe727,botjoe277@yolo.com,1a1a1a1a721,
botjoe728,botjoe278@yolo.com,1a1a1a1a722,
botjoe729,botjoe279@yolo.com,1a1a1a1a723,
botjoe730,botjoe280@yolo.com,1a1a1a1a724,
botjoe731,botjoe281@yolo.com,1a1a1a1a725,
botjoe732,botjoe282@yolo.com,1a1a1a1a726,
botjoe733,botjoe283@yolo.com,1a1a1a1a727,
botjoe734,botjoe284@yolo.com,1a1a1a1a728,
botjoe735,botjoe285@yolo.com,1a1a1a1a729,
botjoe736,botjoe286@yolo.com,1a1a1a1a730,
botjoe737,botjoe287@yolo.com,1a1a1a1a731,
botjoe738,botjoe288@yolo.com,1a1a1a1a732,
botjoe739,botjoe289@yolo.com,1a1a1a1a733,
botjoe740,botjoe290@yolo.com,1a1a1a1a734,
botjoe741,botjoe291@yolo.com,1a1a1a1a735,
botjoe742,botjoe292@yolo.com,1a1a1a1a736,
botjoe743,botjoe293@yolo.com,1a1a1a1a737,
botjoe744,botjoe294@yolo.com,1a1a1a1a738,
botjoe745,botjoe295@yolo.com,1a1a1a1a739,
botjoe746,botjoe296@yolo.com,1a1a1a1a740,
botjoe747,botjoe297@yolo.com,1a1a1a1a741,
botjoe748,botjoe298@yolo.com,1a1a1a1a742,
botjoe749,botjoe299@yolo.com,1a1a1a1a743,
botjoe750,botjoe300@yolo.com,1a1a1a1a744,
botjoe751,botjoe211@yolo.com,1a1a1a1a745,
botjoe752,botjoe212@yolo.com,1a1a1a1a746,
botjoe753,botjoe213@yolo.com,1a1a1a1a747,
botjoe754,botjoe214@yolo.com,1a1a1a1a748,
botjoe755,botjoe215@yolo.com,1a1a1a1a749,
botjoe756,botjoe216@yolo.com,1a1a1a1a750,
botjoe757,botjoe217@yolo.com,1a1a1a1a751,
botjoe758,botjoe218@yolo.com,1a1a1a1a752,
botjoe759,botjoe219@yolo.com,1a1a1a1a753,
botjoe760,botjoe220@yolo.com,1a1a1a1a754,
botjoe761,botjoe221@yolo.com,1a1a1a1a755,
botjoe762,botjoe222@yolo.com,1a1a1a1a756,
botjoe763,botjoe223@yolo.com,1a1a1a1a757,
botjoe764,botjoe224@yolo.com,1a1a1a1a758,
botjoe765,botjoe225@yolo.com,1a1a1a1a759,
botjoe766,botjoe226@yolo.com,1a1a1a1a760,
botjoe767,botjoe227@yolo.com,1a1a1a1a761,
botjoe768,botjoe228@yolo.com,1a1a1a1a762,
botjoe769,botjoe229@yolo.com,1a1a1a1a763,
botjoe770,botjoe230@yolo.com,1a1a1a1a764,
botjoe771,botjoe231@yolo.com,1a1a1a1a765,
botjoe772,botjoe232@yolo.com,1a1a1a1a766,
botjoe773,botjoe233@yolo.com,1a1a1a1a767,
botjoe774,botjoe234@yolo.com,1a1a1a1a768,
botjoe775,botjoe235@yolo.com,1a1a1a1a769,
botjoe776,botjoe236@yolo.com,1a1a1a1a770,
botjoe777,botjoe237@yolo.com,1a1a1a1a771,
botjoe778,botjoe238@yolo.com,1a1a1a1a772,
botjoe779,botjoe239@yolo.com,1a1a1a1a773,
botjoe780,botjoe240@yolo.com,1a1a1a1a774,
botjoe781,botjoe241@yolo.com,1a1a1a1a775,
botjoe782,botjoe242@yolo.com,1a1a1a1a776,
botjoe783,botjoe243@yolo.com,1a1a1a1a777,
botjoe784,botjoe244@yolo.com,1a1a1a1a778,
botjoe785,botjoe245@yolo.com,1a1a1a1a779,
botjoe786,botjoe246@yolo.com,1a1a1a1a780,
botjoe787,botjoe247@yolo.com,1a1a1a1a781,
botjoe788,botjoe248@yolo.com,1a1a1a1a782,
botjoe789,botjoe249@yolo.com,1a1a1a1a783,
botjoe790,botjoe250@yolo.com,1a1a1a1a784,
botjoe791,botjoe251@yolo.com,1a1a1a1a785,
botjoe792,botjoe252@yolo.com,1a1a1a1a786,
botjoe793,botjoe253@yolo.com,1a1a1a1a787,
botjoe794,botjoe254@yolo.com,1a1a1a1a788,
botjoe795,botjoe255@yolo.com,1a1a1a1a789,
botjoe796,botjoe256@yolo.com,1a1a1a1a790,
botjoe797,botjoe257@yolo.com,1a1a1a1a791,
botjoe798,botjoe258@yolo.com,1a1a1a1a792,
botjoe799,botjoe259@yolo.com,1a1a1a1a793,
botjoe800,botjoe260@yolo.com,1a1a1a1a794,
botjoe801,botjoe261@yolo.com,1a1a1a1a795,
botjoe802,botjoe262@yolo.com,1a1a1a1a796,
botjoe803,botjoe263@yolo.com,1a1a1a1a797,
botjoe804,botjoe264@yolo.com,1a1a1a1a798,
botjoe805,botjoe265@yolo.com,1a1a1a1a799,
botjoe806,botjoe266@yolo.com,1a1a1a1a800,
botjoe807,botjoe267@yolo.com,1a1a1a1a801,
botjoe808,botjoe268@yolo.com,1a1a1a1a802,
botjoe809,botjoe269@yolo.com,1a1a1a1a803,
botjoe810,botjoe270@yolo.com,1a1a1a1a804,
botjoe811,botjoe271@yolo.com,1a1a1a1a805,
botjoe812,botjoe272@yolo.com,1a1a1a1a806,
botjoe813,botjoe273@yolo.com,1a1a1a1a807,
botjoe814,botjoe274@yolo.com,1a1a1a1a808,
botjoe815,botjoe275@yolo.com,1a1a1a1a809,
botjoe816,botjoe276@yolo.com,1a1a1a1a810,
botjoe817,botjoe277@yolo.com,1a1a1a1a811,
botjoe818,botjoe278@yolo.com,1a1a1a1a812,
botjoe819,botjoe279@yolo.com,1a1a1a1a813,
botjoe820,botjoe280@yolo.com,1a1a1a1a814,
botjoe821,botjoe281@yolo.com,1a1a1a1a815,
botjoe822,botjoe282@yolo.com,1a1a1a1a816,
botjoe823,botjoe283@yolo.com,1a1a1a1a817,
botjoe824,botjoe284@yolo.com,1a1a1a1a818,
botjoe825,botjoe285@yolo.com,1a1a1a1a819,
botjoe826,botjoe286@yolo.com,1a1a1a1a820,
botjoe827,botjoe287@yolo.com,1a1a1a1a821,
botjoe828,botjoe288@yolo.com,1a1a1a1a822,
botjoe829,botjoe289@yolo.com,1a1a1a1a823,
botjoe830,botjoe290@yolo.com,1a1a1a1a824,
botjoe831,botjoe291@yolo.com,1a1a1a1a825,
botjoe832,botjoe292@yolo.com,1a1a1a1a826,
botjoe833,botjoe293@yolo.com,1a1a1a1a827,
botjoe834,botjoe294@yolo.com,1a1a1a1a828,
botjoe835,botjoe295@yolo.com,1a1a1a1a829,
botjoe836,botjoe296@yolo.com,1a1a1a1a830,
botjoe837,botjoe297@yolo.com,1a1a1a1a831,
botjoe838,botjoe298@yolo.com,1a1a1a1a832,
botjoe839,botjoe299@yolo.com,1a1a1a1a833,
botjoe840,botjoe300@yolo.com,1a1a1a1a834,
botjoe841,botjoe211@yolo.com,1a1a1a1a835,
botjoe842,botjoe212@yolo.com,1a1a1a1a836,
botjoe843,botjoe213@yolo.com,1a1a1a1a837,
botjoe844,botjoe214@yolo.com,1a1a1a1a838,
botjoe845,botjoe215@yolo.com,1a1a1a1a839,
botjoe846,botjoe216@yolo.com,1a1a1a1a840,
botjoe847,botjoe217@yolo.com,1a1a1a1a841,
botjoe848,botjoe218@yolo.com,1a1a1a1a842,
botjoe849,botjoe219@yolo.com,1a1a1a1a843,
botjoe850,botjoe220@yolo.com,1a1a1a1a844,
botjoe851,botjoe221@yolo.com,1a1a1a1a845,
botjoe852,botjoe222@yolo.com,1a1a1a1a846,
botjoe853,botjoe223@yolo.com,1a1a1a1a847,
botjoe854,botjoe224@yolo.com,1a1a1a1a848,
botjoe855,botjoe225@yolo.com,1a1a1a1a849,
botjoe856,botjoe226@yolo.com,1a1a1a1a850,
botjoe857,botjoe227@yolo.com,1a1a1a1a851,
botjoe858,botjoe228@yolo.com,1a1a1a1a852,
botjoe859,botjoe229@yolo.com,1a1a1a1a853,
botjoe860,botjoe230@yolo.com,1a1a1a1a854,
botjoe861,botjoe231@yolo.com,1a1a1a1a855,
botjoe862,botjoe232@yolo.com,1a1a1a1a856,
botjoe863,botjoe233@yolo.com,1a1a1a1a857,
botjoe864,botjoe234@yolo.com,1a1a1a1a858,
botjoe865,botjoe235@yolo.com,1a1a1a1a859,
botjoe866,botjoe236@yolo.com,1a1a1a1a860,
botjoe867,botjoe237@yolo.com,1a1a1a1a861,
botjoe868,botjoe238@yolo.com,1a1a1a1a862,
botjoe869,botjoe239@yolo.com,1a1a1a1a863,
botjoe870,botjoe240@yolo.com,1a1a1a1a864,
botjoe871,botjoe241@yolo.com,1a1a1a1a865,
botjoe872,botjoe242@yolo.com,1a1a1a1a866,
botjoe873,botjoe243@yolo.com,1a1a1a1a867,
botjoe874,botjoe244@yolo.com,1a1a1a1a868,
botjoe875,botjoe245@yolo.com,1a1a1a1a869,
botjoe876,botjoe246@yolo.com,1a1a1a1a870,
botjoe877,botjoe247@yolo.com,1a1a1a1a871,
botjoe878,botjoe248@yolo.com,1a1a1a1a872,
botjoe879,botjoe249@yolo.com,1a1a1a1a873,
botjoe880,botjoe250@yolo.com,1a1a1a1a874,
botjoe881,botjoe251@yolo.com,1a1a1a1a875,
botjoe882,botjoe252@yolo.com,1a1a1a1a876,
botjoe883,botjoe253@yolo.com,1a1a1a1a877,
botjoe884,botjoe254@yolo.com,1a1a1a1a878,
botjoe885,botjoe255@yolo.com,1a1a1a1a879,
botjoe886,botjoe256@yolo.com,1a1a1a1a880,
botjoe887,botjoe257@yolo.com,1a1a1a1a881,
botjoe888,botjoe258@yolo.com,1a1a1a1a882,
botjoe889,botjoe259@yolo.com,1a1a1a1a883,
botjoe890,botjoe260@yolo.com,1a1a1a1a884,
botjoe891,botjoe261@yolo.com,1a1a1a1a885,
botjoe892,botjoe262@yolo.com,1a1a1a1a886,
botjoe893,botjoe263@yolo.com,1a1a1a1a887,
botjoe894,botjoe264@yolo.com,1a1a1a1a888,
botjoe895,botjoe265@yolo.com,1a1a1a1a889,
botjoe896,botjoe266@yolo.com,1a1a1a1a890,
botjoe897,botjoe267@yolo.com,1a1a1a1a891,
botjoe898,botjoe268@yolo.com,1a1a1a1a892,
botjoe899,botjoe269@yolo.com,1a1a1a1a893,
botjoe900,botjoe270@yolo.com,1a1a1a1a894,
botjoe901,botjoe271@yolo.com,1a1a1a1a895,
botjoe902,botjoe272@yolo.com,1a1a1a1a896,
botjoe903,botjoe273@yolo.com,1a1a1a1a897,
botjoe904,botjoe274@yolo.com,1a1a1a1a898,
botjoe905,botjoe275@yolo.com,1a1a1a1a899,
botjoe906,botjoe276@yolo.com,1a1a1a1a900,
botjoe907,botjoe277@yolo.com,1a1a1a1a901,
botjoe908,botjoe278@yolo.com,1a1a1a1a902,
botjoe909,botjoe279@yolo.com,1a1a1a1a903,
botjoe910,botjoe280@yolo.com,1a1a1a1a904,
